{"schemaVersion":"1.0","appDefinitionTemplate":{"id":"/providers/Microsoft.PowerApps/apps/","type":"Microsoft.PowerApps/apps","tags":{"primaryDeviceWidth":"640","primaryDeviceHeight":"1136","sienaVersion":"20201220T191823Z-3.20114.22.0","deviceCapabilities":"","supportsPortrait":"true","supportsLandscape":"false","primaryFormFactor":"Phone","publisherVersion":"3.20114.22","minimumRequiredApiVersion":"2.2.0","hasComponent":"false","hasUnlockedComponent":"false","isUnifiedRootApp":"false"},"properties":{"appVersion":"2020-12-20T19:18:23Z","lifeCycleId":"Published","createdByClientVersion":{"major":3,"minor":20114,"build":22,"revision":0,"majorRevision":0,"minorRevision":0},"minClientVersion":{"major":3,"minor":20114,"build":22,"revision":0,"majorRevision":0,"minorRevision":0},"backgroundColor":"rgba(129, 42, 141, 1)","backgroundImageUri":"/5232306085193344702/Nba5bc315-2842-4eb3-92b6-edb70ca83401-logoSmallFile","displayName":"Retail Smart Loans DemoApp","description":"Smart Loan Origination - Retail FFDC App","commitMessage":"","appUris":{"documentUri":{"value":"/5232306085193344702/Nd6407f8f-b483-4e2b-a179-6ef1c445ff15-document.msapp"},"imageUris":[]},"createdTime":"0001-01-01T00:00:00Z","lastModifiedTime":"0001-01-01T00:00:00Z","sharedGroupsCount":0,"sharedUsersCount":0,"icons":{"smallIconUri":"/5232306085193344702/Neff3ad84-3173-4522-8ce5-2afdf749b711-small.png","mediumIconUri":"/5232306085193344702/Na1250c9c-8a27-41ac-88e1-315468499d49-medium.png","largeIconUri":"/5232306085193344702/N2774cd2a-df0e-45e8-9364-55de06813b8e-large.png","wideIconUri":"/5232306085193344702/N8c91587d-4076-4f87-b4cd-1a4442743cb1-wide.png"},"connectionReferences":{"abab688b-66d1-4e7e-add6-48825473d2ae":{"id":"8b6b018a-5ef0-4d54-90f9-47372a7d6fa6","displayName":"Office 365 Outlook","iconUri":"https://connectoricons-prod.azureedge.net/releases/v1.0.1426/1.0.1426.2268/office365/icon.png","dataSources":["Office365"],"dependencies":[],"dependents":[],"parameterHints":{},"isOnPremiseConnection":false,"bypassConsent":false,"dataSets":{},"apiTier":"Standard","isCustomApiConnection":false},"0d4351ef-d656-4c51-8a9b-59d3e8364b6b":{"id":"c8892f37-e8ad-4979-854f-55e6003a0998","displayName":"Logic flows","iconUri":"https://resourcestackdeploy.blob.core.windows.net/scripts/13276078.png","dataSources":["FFDCAuthentication"],"dependencies":[],"dependents":[],"parameterHints":{"workflowName":{"value":"a949f214-a439-4fd3-8e08-b74d39f44f09"}},"isOnPremiseConnection":false,"bypassConsent":false,"dataSets":{},"apiTier":"Standard","isCustomApiConnection":false,"actions":["Run"]},"ada9806f-fe4b-4267-81bc-3a985795b05a":{"id":"c8892f37-e8ad-4979-854f-55e6003a0998","displayName":"Logic flows","iconUri":"https://resourcestackdeploy.blob.core.windows.net/scripts/13276078.png","dataSources":["FlowListCustomerAccountsFFDC"],"dependencies":[],"dependents":[],"parameterHints":{"workflowName":{"value":"816f7259-9a4f-4c56-901c-20f0b198e117"}},"isOnPremiseConnection":false,"bypassConsent":false,"dataSets":{},"apiTier":"Standard","isCustomApiConnection":false,"actions":["Run"]},"28098e00-5fb5-40a0-a1b2-125995f793a9":{"id":"c8892f37-e8ad-4979-854f-55e6003a0998","displayName":"Logic flows","iconUri":"https://resourcestackdeploy.blob.core.windows.net/scripts/13276078.png","dataSources":["FlowCreditScoreCheck-TPTAdapter"],"dependencies":[],"dependents":[],"parameterHints":{"workflowName":{"value":"b8d2274a-4a62-4ef5-8e46-b69daf35f8f1"}},"isOnPremiseConnection":false,"bypassConsent":false,"dataSets":{},"apiTier":"Standard","isCustomApiConnection":false,"actions":["Run"]},"c0ad64d6-a5be-447d-879e-fbaaf1d8998b":{"id":"c8892f37-e8ad-4979-854f-55e6003a0998","displayName":"Logic flows","iconUri":"https://resourcestackdeploy.blob.core.windows.net/scripts/13276078.png","dataSources":["FlowCreateLoanAccountFFDC"],"dependencies":[],"dependents":[],"parameterHints":{"workflowName":{"value":"7d868959-dee2-4f40-96d0-5dd0cc05dd74"}},"isOnPremiseConnection":false,"bypassConsent":false,"dataSets":{},"apiTier":"Standard","isCustomApiConnection":false,"actions":["Run"]},"d89dca4d-c2f5-41a7-be35-b1215e24b22d":{"id":"c8892f37-e8ad-4979-854f-55e6003a0998","displayName":"Logic flows","iconUri":"https://resourcestackdeploy.blob.core.windows.net/scripts/13276078.png","dataSources":["FlowListCustomerLoansFFDC"],"dependencies":[],"dependents":[],"parameterHints":{"workflowName":{"value":"9c4beb7d-856e-41bf-adaf-7cc6e25b72b7"}},"isOnPremiseConnection":false,"bypassConsent":false,"dataSets":{},"apiTier":"Standard","isCustomApiConnection":false,"actions":["Run"]},"5a917fe3-a843-495f-af75-9ba770644d58":{"id":"c8892f37-e8ad-4979-854f-55e6003a0998","displayName":"Logic flows","iconUri":"https://resourcestackdeploy.blob.core.windows.net/scripts/13276078.png","dataSources":["ClickPowerAppsbuttontosendanemailfromMailandapushnotification"],"dependencies":["51c57b80-2d0c-48be-aeb4-95e06eeb8d6d","f3e69ce8-67d3-4ef4-be96-3d2cc54aacb9"],"dependents":[],"parameterHints":{"workflowName":{"value":"0b61ecd7-f64b-4b1c-a1c8-bba4be2652ea"},"51c57b80-2d0c-48be-aeb4-95e06eeb8d6d":{"value":"shared_sendmail"},"f3e69ce8-67d3-4ef4-be96-3d2cc54aacb9":{"value":"shared_flowpush"}},"isOnPremiseConnection":false,"bypassConsent":false,"dataSets":{},"apiTier":"Standard","isCustomApiConnection":false,"actions":["Run"]},"51c57b80-2d0c-48be-aeb4-95e06eeb8d6d":{"id":"5f3cb6ee-8593-45f2-a736-ecf902a5add1","displayName":"Mail","iconUri":"https://connectoricons-prod.azureedge.net/releases/v1.0.1423/1.0.1423.2260/sendmail/icon.png","dataSources":[],"dependencies":[],"dependents":["5a917fe3-a843-495f-af75-9ba770644d58"],"parameterHints":{},"isOnPremiseConnection":false,"bypassConsent":false,"dataSets":{},"apiTier":"Standard","isCustomApiConnection":false},"f3e69ce8-67d3-4ef4-be96-3d2cc54aacb9":{"id":"833b57e1-d493-4a18-a3f2-d0e536556745","displayName":"Notifications","iconUri":"https://psux.azureedge.net/Content/Images/Connectors/FlowNotification.svg","dataSources":[],"dependencies":[],"dependents":["5a917fe3-a843-495f-af75-9ba770644d58"],"parameterHints":{},"isOnPremiseConnection":false,"bypassConsent":false,"dataSets":{},"apiTier":"Standard","isCustomApiConnection":false},"27a4a49f-8100-4f92-9a74-5f714602cb64":{"id":"c8892f37-e8ad-4979-854f-55e6003a0998","displayName":"Logic flows","iconUri":"https://resourcestackdeploy.blob.core.windows.net/scripts/13276078.png","dataSources":["FlowLoanEligibilityRuleEngine"],"dependencies":[],"dependents":[],"parameterHints":{"workflowName":{"value":"e8f28ee1-e4af-43a0-a228-ccbef7bf3ea9"}},"isOnPremiseConnection":false,"bypassConsent":false,"dataSets":{},"apiTier":"Standard","isCustomApiConnection":false,"actions":["Run"]},"3608d1f1-967b-4933-99a4-7d91bb7415d4":{"id":"c8892f37-e8ad-4979-854f-55e6003a0998","displayName":"Logic flows","iconUri":"https://resourcestackdeploy.blob.core.windows.net/scripts/13276078.png","dataSources":["FlowListBeneficiaryAccountsFFDC"],"dependencies":[],"dependents":[],"parameterHints":{"workflowName":{"value":"3838f333-7593-458f-ac9f-d987262aa051"}},"isOnPremiseConnection":false,"bypassConsent":false,"dataSets":{},"apiTier":"Standard","isCustomApiConnection":false,"actions":["Run"]},"3c911785-6db7-4fff-8cd6-7ab73c5e33d2":{"id":"c8892f37-e8ad-4979-854f-55e6003a0998","displayName":"Logic flows","iconUri":"https://resourcestackdeploy.blob.core.windows.net/scripts/13276078.png","dataSources":["SearchCustomerFFDC"],"dependencies":[],"dependents":[],"parameterHints":{"workflowName":{"value":"1ccc11fc-51b3-4488-b02a-5b3062df84c6"}},"isOnPremiseConnection":false,"bypassConsent":false,"dataSets":{},"apiTier":"Standard","isCustomApiConnection":false,"actions":["Run"]}},"databaseReferences":{},"almMode":"Environment","performanceOptimizationEnabled":true,"canConsumeAppPass":true,"executionRestrictions":{"isTeamsOnly":false,"dataLossPreventionEvaluationResult":{"status":"Compliant","lastEvaluationDate":"2020-10-22T19:25:56.9446947Z","violationDetails":[]}}},"isAppComponentLibrary":false,"appType":"ClassicCanvasApp","appComponents":[]}}