{"name":"1dab5961-9415-4a73-be94-2a2cd502728e","id":"/providers/Microsoft.Flow/flows/1dab5961-9415-4a73-be94-2a2cd502728e","type":"Microsoft.Flow/flows","properties":{"apiId":"/providers/Microsoft.PowerApps/apis/shared_logicflows","displayName":"Flow Send Confirmation Mail Notification","definition":{"metadata":{"workflowEntityId":null,"flowclientsuspensionreason":"None","flowclientsuspensiontime":null,"creator":{"id":"deea29af-335e-4fa0-8d6e-b728cbf11231","type":"User","tenantId":"0b9b90da-3fe1-457a-b340-f1b67e1024fb"},"provisioningMethod":"FromDefinition","failureAlertSubscription":true,"clientLastModifiedTime":"2020-12-15T19:08:44.0095724Z"},"$schema":"https://schema.management.azure.com/providers/Microsoft.Logic/schemas/2016-06-01/workflowdefinition.json#","contentVersion":"1.0.0.0","parameters":{"$connections":{"defaultValue":{},"type":"Object"},"$authentication":{"defaultValue":{},"type":"SecureObject"}},"triggers":{"manual":{"type":"Request","kind":"PowerApp","inputs":{"schema":{"type":"object","properties":{"ParseJSON_Content":{"type":"any","x-ms-powerflows-param-ispartial":false},"Sendemail_To":{"type":"string","description":"A list of valid email addresses separated by a semicolon or a comma.. This parameter is used as part of \"59F7F926-CA7F-40A0-AE0C-369F61DCBD5D\"","x-ms-powerflows-param-ispartial":true}},"required":["ParseJSON_Content","Sendemail_To"]}}}},"actions":{"Send_email":{"runAfter":{"Set_Loan_Account_Response":["Succeeded"]},"metadata":{"flowSystemMetadata":{"swaggerOperationId":"SendEmail"}},"type":"ApiConnection","inputs":{"host":{"connection":{"name":"@json(decodeBase64(triggerOutputs().headers['X-MS-APIM-Tokens']))['$connections']['shared_sendmail']['connectionId']"},"api":{"runtimeUrl":"https://flow-apim-europe-001-francecentral-01.azure-apim.net/apim/sendmail"}},"method":"post","body":{"to":"Prithumit.Deb@finastra.com;@{triggerBody()['Sendemail_To']};","subject":"Astra Bank - Your Loan Account is Created - @{variables('LoanAccountResponse')['loanId']}","text":"<head>\n    <meta http-equiv=\"content-type\" content=\"text/html; charset=utf-8\">\n    <meta name=\"viewport\" content=\"width=device-width, initial-scale=1.0;\">\n    <title>Fusion Reports - Email</title>\n    <style type=\"text/css\">\n        @import url('https://fonts.googleapis.com/css?family=Roboto:300');\n\n        #outlook a {\n            padding: 0;\n        }\nbody {\n            width: 100% !important;\n            -webkit-text;\n            size-adjust: 100%;\n            -ms-text-size-adjust: 100%;\n            margin: 0;\n            padding: 1%;\n        }\n\n        .ReadMsgBody {\n            width: 100%;\n        }\n\n        .ExternalClass {\n            width: 90%;\n        }\n\n        table td {\n            border-collapse: collapse;\n        }\n\n        .ExternalClass * {\n            line-height: 115%;\n        }\n\n        a {\n            color: #CB42AB;\n            text-decoration: none;\n        }\n\n        .email-body {\n            width: 100%;\n            margin-left: auto;\n            margin-right: auto;\n            color: #555555;\n            background: #FFFFFF;\n            font-size: 12px;\n            font-family: 'Roboto', \"OpenSansLight\", Arial, sans-serif;\n        }\n\n        .header {\n            padding: 10px 0;\n            margin-bottom: 20px;\n            border-bottom: 2px solid #AAAAAA;\n        }\n\t\t\n        #report-summary {\n            margin-bottom: 10px;\n        }\n\n        #report-title {\n            padding-left: 10px;\n            border-left: 6px solid #694ed6;\n            float: left;\n            text-align: left;\n        }\n        .font-size-header {\n            font-weight: bold;\n            font-size: 12px;\n        }\n\n        .content-style {\n            font-size: 12px;\n        }\n        \n    </style>\n</head>\n\n<body class=\"email-body\" style=\"width:100%\">\n    <br />\n  <div>\n            <img img width=\"150\" height=\"75\" style=\"display: block; border: 0; outline: none;\" alt=\"Finastra\"\n                src=\"https://i.imgur.com/LBuRfnj.png\">\n        </div>\n\n    <div class=\"header\" style=\"border-bottom:2px solid #CB42AB;\">      \n        <div style=\"width:100%\">\n            <h2 class=\"preivew-name\">Astra Bank</h2>\n            <div>London Branch</div>\n            <div>4 Williamson Street, London, UK, W3210L</div>\n            <div class=\"email\"><a class=\"preview-a\" href=\"support@finastra.com\">support@astrabank.com</a></div>\n        </div>\n    </div>\n        <div id=\"report-summary\" \n            style=\"border-left:none; line-height: 150%;\">\n\t\t\t <h3 style=\"color:#694ed6;font-family: 'Roboto', Arial, sans-serif;\">Dear @{variables('LoanAccountResponse')['loanApplicants'][0]['customerName']}</h3> <!--(@{variables('LoanAccountResponse')['loanApplicants'][0]['customerId']})-->\n            <div id=\"report-title\"> <!-- @{variables('LoanAccountResponse')['loanRequestAmount']['currency']} -->\n                <h4>Greetings from Astra Bank. Your new personal loan has been approved for @{variables('LoanAccountResponse')['loanRequestAmount']['amount']} GBP and will be in your account within 3 working days. For any other assissance, you can reach out to bank. Below are the details of your loan account</h4>\n\t\t\t\t<ul>\n                <li><span class=\"font-size-header\">Loan Account Number:</span><span class=\"content-style\">\n                    @{variables('LoanAccountResponse')['loanId']}</span><br /></li>\n                <li><span class=\"font-size-header\">Application Reference:</span><span class=\"content-style\">\n                     @{variables('LoanAccountResponse')['loanApplicationId']}</span><br /></li>\n                <li><span class=\"font-size-header\">Loan Tenure:</span><span class=\"content-style\">  @{variables('LoanAccountResponse')['loanTerm']['value']} Months</span><br /></li>\n\t\t\t\t<li><span class=\"font-size-header\">Maturity Date:</span><span class=\"content-style\"> @{variables('LoanAccountResponse')['maturityDate']}</span><br /></li>\n\t\t\t\t<!--<li><span class=\"font-size-header\">Loan Application Fees:</span><span class=\"content-style\"> 19.75 EUR</span><br /></li>-->\n\t\t\t\t</ul>\n                <h4 style=\"color:#CB42AB\">Thank you for chosing Astra Bank</h4> \n\t\t\t\t\n\t\t\t\t<!--<div style=\"width:100%; height:50px;background-color:rgb(105,78,214);\"> -->               \n            </div>\t\t\t\n        </div> \n<br/><br/>    \n</body>","ishtml":true},"path":"/mail/send","authentication":{"type":"Raw","value":"@json(decodeBase64(triggerOutputs().headers['X-MS-APIM-Tokens']))['$ConnectionKey']"}}},"Send_a_push_notification":{"runAfter":{"Send_email":["Succeeded"]},"metadata":{"flowSystemMetadata":{"swaggerOperationId":"SendNotification"}},"type":"ApiConnection","inputs":{"host":{"connection":{"name":"@json(decodeBase64(triggerOutputs().headers['X-MS-APIM-Tokens']))['$connections']['shared_flowpush']['connectionId']"},"api":{"runtimeUrl":"https://flow-apim-europe-001-northeurope-01.azure-apim.net/apim/flowpush"}},"method":"post","body":{"notificationText":"You have just sent an email. \nStatus of the mail: @{body('Send_email')?['message']}"},"path":"/sendNotification","authentication":{"type":"Raw","value":"@json(decodeBase64(triggerOutputs().headers['X-MS-APIM-Tokens']))['$ConnectionKey']"}}},"Parse_JSON":{"runAfter":{},"type":"ParseJson","inputs":{"content":"@triggerBody()['ParseJSON_Content']","schema":{"type":"object","properties":{"type":{"type":"string"},"properties":{"type":"object","properties":{"loanApplicationId":{"type":"object","properties":{"type":{"type":"string"}}},"loanId":{"type":"object","properties":{"type":{"type":"string"}}},"loanApplicants":{"type":"object","properties":{"type":{"type":"string"},"items":{"type":"object","properties":{"type":{"type":"string"},"properties":{"type":"object","properties":{"customerId":{"type":"object","properties":{"type":{"type":"string"}}},"customerName":{"type":"object","properties":{"type":{"type":"string"}}},"customerType":{"type":"object","properties":{"type":{"type":"string"}}}}},"required":{"type":"array","items":{"type":"string"}}}}}},"loanAccountBranch":{"type":"object","properties":{"type":{"type":"string"}}},"productName":{"type":"object","properties":{"type":{"type":"string"}}},"loanPurpose":{"type":"object","properties":{"type":{"type":"string"}}},"loanRequestAmount":{"type":"object","properties":{"type":{"type":"string"},"properties":{"type":"object","properties":{"amount":{"type":"object","properties":{"type":{"type":"string"}}},"currency":{"type":"object","properties":{"type":{"type":"string"}}}}}}},"customerContributionAmount":{"type":"object","properties":{"type":{"type":"string"},"properties":{"type":"object","properties":{"amount":{"type":"object","properties":{"type":{"type":"string"}}},"currency":{"type":"object","properties":{"type":{"type":"string"}}}}}}},"principalAmount":{"type":"object","properties":{"type":{"type":"string"},"properties":{"type":"object","properties":{"amount":{"type":"object","properties":{"type":{"type":"string"}}},"currency":{"type":"object","properties":{"type":{"type":"string"}}}}}}},"loanStartDate":{"type":"object","properties":{"type":{"type":"string"}}},"loanTerm":{"type":"object","properties":{"type":{"type":"string"},"properties":{"type":"object","properties":{"calendarPeriod":{"type":"object","properties":{"type":{"type":"string"}}},"value":{"type":"object","properties":{"type":{"type":"string"}}}}}}},"repaymentType":{"type":"object","properties":{"type":{"type":"string"}}},"repaymentFrequency":{"type":"object","properties":{"type":{"type":"string"}}},"maturityDate":{"type":"object","properties":{"type":{"type":"string"}}},"interestRateType":{"type":"object","properties":{"type":{"type":"string"}}},"productInterestRate":{"type":"object","properties":{"type":{"type":"string"}}},"customerInterestMargin":{"type":"object","properties":{"type":{"type":"string"}}},"effectiveInterestRate":{"type":"object","properties":{"type":{"type":"string"}}},"interestRatePostFixed":{"type":"object","properties":{"type":{"type":"string"}}},"interestResetDate":{"type":"object","properties":{"type":{"type":"string"}}},"repaymentAccount":{"type":"object","properties":{"type":{"type":"string"}}},"feeCollectionAccount":{"type":"object","properties":{"type":{"type":"string"}}},"industry":{"type":"object","properties":{"type":{"type":"string"}}},"loanEstablishmentCharges":{"type":"object","properties":{"type":{"type":"string"}}},"annualPercentageRate":{"type":"object","properties":{"type":{"type":"string"}}},"disbursementSchedule":{"type":"object","properties":{"type":{"type":"string"},"items":{"type":"object","properties":{"type":{"type":"string"},"properties":{"type":"object","properties":{"disbursementSeqNumber":{"type":"object","properties":{"type":{"type":"string"}}},"disbursementDate":{"type":"object","properties":{"type":{"type":"string"}}},"disbursementAmount":{"type":"object","properties":{"type":{"type":"string"},"properties":{"type":"object","properties":{"amount":{"type":"object","properties":{"type":{"type":"string"}}},"currency":{"type":"object","properties":{"type":{"type":"string"}}}}}}},"disbursementStatus":{"type":"object","properties":{"type":{"type":"string"}}},"disbursementBeneficiary":{"type":"object","properties":{"type":{"type":"string"}}},"disbursementType":{"type":"object","properties":{"type":{"type":"string"}}}}},"required":{"type":"array","items":{"type":"string"}}}}}},"repaymentSchedule":{"type":"object","properties":{"type":{"type":"string"},"items":{"type":"object","properties":{"type":{"type":"string"},"properties":{"type":"object","properties":{"repaymentNumber":{"type":"object","properties":{"type":{"type":"string"}}},"repaymentDate":{"type":"object","properties":{"type":{"type":"string"}}},"principalAmount":{"type":"object","properties":{"type":{"type":"string"},"properties":{"type":"object","properties":{"amount":{"type":"object","properties":{"type":{"type":"string"}}},"currency":{"type":"object","properties":{"type":{"type":"string"}}}}}}},"interestAmount":{"type":"object","properties":{"type":{"type":"string"},"properties":{"type":"object","properties":{"amount":{"type":"object","properties":{"type":{"type":"string"}}},"currency":{"type":"object","properties":{"type":{"type":"string"}}}}}}},"outstandingBalance":{"type":"object","properties":{"type":{"type":"string"},"properties":{"type":"object","properties":{"amount":{"type":"object","properties":{"type":{"type":"string"}}},"currency":{"type":"object","properties":{"type":{"type":"string"}}}}}}},"repaymentAmount":{"type":"object","properties":{"type":{"type":"string"},"properties":{"type":"object","properties":{"amount":{"type":"object","properties":{"type":{"type":"string"}}},"currency":{"type":"object","properties":{"type":{"type":"string"}}}}}}},"scheduleChargeAmount":{"type":"object","properties":{"type":{"type":"string"},"properties":{"type":"object","properties":{"amount":{"type":"object","properties":{"type":{"type":"string"}}},"currency":{"type":"object","properties":{"type":{"type":"string"}}}}}}},"taxScheduleCharge":{"type":"object","properties":{"type":{"type":"string"},"properties":{"type":"object","properties":{"amount":{"type":"object","properties":{"type":{"type":"string"}}},"currency":{"type":"object","properties":{"type":{"type":"string"}}}}}}}}},"required":{"type":"array","items":{"type":"string"}}}}}}}}}}}},"Initialize_Loan_Account_Response":{"runAfter":{"Parse_JSON":["Succeeded"]},"type":"InitializeVariable","inputs":{"variables":[{"name":"LoanAccountResponse","type":"object"}]}},"Set_Loan_Account_Response":{"runAfter":{"Initialize_Loan_Account_Response":["Succeeded"]},"type":"SetVariable","inputs":{"name":"LoanAccountResponse","value":"@body('Parse_JSON')"}}},"outputs":{},"description":"Send an email from Mail and a push notification on Power Apps button click."},"connectionReferences":{"shared_sendmail":{"connectionName":"shared-sendmail-8f8a5310-5d44-49d1-82ae-efa0-72420c48","source":"Invoker","id":"/providers/Microsoft.PowerApps/apis/shared_sendmail","tier":"NotSpecified"},"shared_flowpush":{"connectionName":"shared-flowpush-b3f6d060-8659-47a3-aad5-1f56-223e3be4","source":"Invoker","id":"/providers/Microsoft.PowerApps/apis/shared_flowpush","tier":"NotSpecified"}},"flowFailureAlertSubscribed":false}}