{"name":"45b0358e-1ae7-4470-a8a7-9ca22c8d60f0","id":"/providers/Microsoft.Flow/flows/45b0358e-1ae7-4470-a8a7-9ca22c8d60f0","type":"Microsoft.Flow/flows","properties":{"apiId":"/providers/Microsoft.PowerApps/apis/shared_logicflows","displayName":"Flow Create Loan Account FFDC","definition":{"metadata":{"workflowEntityId":null,"flowclientsuspensionreason":"None","flowclientsuspensiontime":null,"creator":{"id":"deea29af-335e-4fa0-8d6e-b728cbf11231","type":"User","tenantId":"0b9b90da-3fe1-457a-b340-f1b67e1024fb"},"provisioningMethod":"FromDefinition","failureAlertSubscription":true,"clientLastModifiedTime":"2020-12-20T19:32:35.664023Z"},"$schema":"https://schema.management.azure.com/providers/Microsoft.Logic/schemas/2016-06-01/workflowdefinition.json#","contentVersion":"1.0.0.0","parameters":{"$authentication":{"defaultValue":{},"type":"SecureObject"}},"triggers":{"manual":{"type":"Request","kind":"PowerApp","inputs":{"schema":{"type":"object","properties":{"CheckFFDCToken_ObjectName":{"type":"any","description":"Choose a value","x-ms-powerflows-param-ispartial":false},"InitializeCustomerId_Value":{"type":"string","description":"Enter initial value","x-ms-powerflows-param-ispartial":false},"InitializeLoanProductCode_Value":{"type":"string","description":"Enter initial value","x-ms-powerflows-param-ispartial":false},"InitializeLoanRequestAmount_Value":{"type":"number","description":"Enter initial value","x-ms-powerflows-param-ispartial":false},"InitializeLoanTermInMonths_Value":{"type":"integer","description":"Enter initial value","x-ms-powerflows-param-ispartial":false},"InitializeLoanRepaymentAccount_Value":{"type":"string","description":"Enter initial value","x-ms-powerflows-param-ispartial":false},"InitializeLoanChargeAmount_Value":{"type":"number","description":"Enter initial value","x-ms-powerflows-param-ispartial":false}},"required":["CheckFFDCToken_ObjectName","InitializeCustomerId_Value","InitializeLoanProductCode_Value","InitializeLoanRequestAmount_Value","InitializeLoanTermInMonths_Value","InitializeLoanRepaymentAccount_Value","InitializeLoanChargeAmount_Value"]}}}},"actions":{"Create_Loan_Account_API":{"runAfter":{"Initialize_Loan_Charge_Amount":["Succeeded"]},"type":"Http","inputs":{"method":"POST","uri":"https://api.preprod.fusionfabric.cloud/retail-banking/loans/v1/loans","headers":{"X-Request-ID":"56983b2a-2c5e-47c1-abf6-4c8b2316676c","Content-Type":"application/json","Authorization":"@variables('Authorization Token')","Idempotency-Key":"@{utcNow()}"},"body":{"loanApplicantIds":[{"customerId":"@variables('CustomerId')"}],"productCode":"@variables('LoanProductCode')","loanRequestAmount":{"amount":"@variables('LoanRequestAmount')","currency":"EUR"},"customerContributionAmount":{"amount":"@mul(variables('LoanRequestAmount'),0)","currency":"EUR"},"loanStartDate":"@formatDateTime(addDays(utcNow(),1),'yyyy-MM-dd')","loanTerm":{"calendarPeriod":"MONTH","value":"@variables('LoanTermInMonths')"},"repaymentFrequency":"MONTHLY","customerInterestMargin":0,"repaymentAccount":"@variables('LoanRepaymentAccountNumber')","feeCollectionAccount":"@variables('LoanRepaymentAccountNumber')","waiveCharge":false,"disbursementScheduleRequest":[{"disbursementDate":"@formatDateTime(addDays(utcNow(),3),'yyyy-MM-dd')","disbursementAmount":{"amount":"@sub(variables('LoanRequestAmount'),mul(variables('LoanRequestAmount'),0))","currency":"EUR"},"disbursementBeneficiaryId":"","disbursementBeneficiaryAccount":"@variables('LoanRepaymentAccountNumber')","disbursementType":"TRANSFER"}]}}},"Check_Create_Loan_API_Response":{"actions":{"Parse_JSON_2":{"runAfter":{},"type":"ParseJson","inputs":{"content":"@body('Create_Loan_Account_API')","schema":{"type":"object","properties":{"loanApplicationId":{"type":"string"},"loanId":{"type":"string"},"loanApplicants":{"type":"array","items":{"type":"object","properties":{"customerId":{"type":"string"},"customerName":{"type":"string"},"customerType":{"type":"string"}},"required":["customerId","customerName","customerType"]}},"loanAccountBranch":{"type":"string"},"productName":{"type":"string"},"loanPurpose":{"type":"string"},"loanRequestAmount":{"type":"object","properties":{"amount":{"type":"number"},"currency":{"type":"string"}}},"customerContributionAmount":{"type":"object","properties":{"amount":{"type":"number"},"currency":{"type":"string"}}},"principalAmount":{"type":"object","properties":{"amount":{"type":"number"},"currency":{"type":"string"}}},"loanStartDate":{"type":"string"},"loanTerm":{"type":"object","properties":{"calendarPeriod":{"type":"string"},"value":{"type":"integer"}}},"repaymentType":{"type":"string"},"repaymentFrequency":{"type":"string"},"maturityDate":{"type":"string"},"interestRateType":{"type":"string"},"productInterestRate":{"type":"number"},"customerInterestMargin":{"type":"number"},"effectiveInterestRate":{"type":"number"},"interestRatePostFixed":{"type":"string"},"interestResetDate":{"type":"string"},"repaymentAccount":{"type":"string"},"feeCollectionAccount":{"type":"string"},"industry":{"type":"string"},"loanEstablishmentCharges":{"type":"array"},"annualPercentageRate":{"type":"number"},"disbursementSchedule":{"type":"array","items":{"type":"object","properties":{"disbursementSeqNumber":{"type":"integer"},"disbursementDate":{"type":"string"},"disbursementAmount":{"type":"object","properties":{"amount":{"type":"number"},"currency":{"type":"string"}}},"disbursementStatus":{"type":"string"},"disbursementBeneficiary":{"type":"string"},"disbursementType":{"type":"string"}},"required":["disbursementSeqNumber","disbursementDate","disbursementAmount","disbursementStatus","disbursementBeneficiary","disbursementType"]}},"repaymentSchedule":{"type":"array","items":{"type":"object","properties":{"repaymentNumber":{"type":"integer"},"repaymentDate":{"type":"string"},"principalAmount":{"type":"object","properties":{"amount":{"type":"number"},"currency":{"type":"string"}}},"interestAmount":{"type":"object","properties":{"amount":{"type":"number"},"currency":{"type":"string"}}},"outstandingBalance":{"type":"object","properties":{"amount":{"type":"number"},"currency":{"type":"string"}}},"repaymentAmount":{"type":"object","properties":{"amount":{"type":"number"},"currency":{"type":"string"}}},"scheduleChargeAmount":{"type":"object","properties":{"amount":{"type":"number"},"currency":{"type":"string"}}},"taxScheduleCharge":{"type":"object","properties":{"amount":{"type":"number"},"currency":{"type":"string"}}}},"required":["repaymentNumber","repaymentDate","principalAmount","interestAmount","outstandingBalance","repaymentAmount","scheduleChargeAmount","taxScheduleCharge"]}}}}}},"Response_-_Success":{"runAfter":{"Set_Loan_Account_Response":["Succeeded"]},"type":"Response","kind":"Http","inputs":{"statusCode":200,"body":"@variables('LoanAccountResponse')","schema":{"type":"object","properties":{"loanApplicationId":{"type":"string"},"loanId":{"type":"string"},"loanApplicants":{"type":"array","items":{"type":"object","properties":{"customerId":{"type":"string"},"customerName":{"type":"string"},"customerType":{"type":"string"}},"required":["customerId","customerName","customerType"]}},"loanAccountBranch":{"type":"string"},"productName":{"type":"string"},"loanPurpose":{"type":"string"},"loanRequestAmount":{"type":"object","properties":{"amount":{"type":"integer"},"currency":{"type":"string"}}},"customerContributionAmount":{"type":"object","properties":{"amount":{"type":"integer"},"currency":{"type":"string"}}},"principalAmount":{"type":"object","properties":{"amount":{"type":"integer"},"currency":{"type":"string"}}},"loanStartDate":{"type":"string"},"loanTerm":{"type":"object","properties":{"calendarPeriod":{"type":"string"},"value":{"type":"integer"}}},"repaymentType":{"type":"string"},"repaymentFrequency":{"type":"string"},"maturityDate":{"type":"string"},"interestRateType":{"type":"string"},"productInterestRate":{"type":"integer"},"customerInterestMargin":{"type":"integer"},"effectiveInterestRate":{"type":"integer"},"interestRatePostFixed":{"type":"string"},"interestResetDate":{"type":"string"},"repaymentAccount":{"type":"string"},"feeCollectionAccount":{"type":"string"},"industry":{"type":"string"},"loanEstablishmentCharges":{"type":"array"},"annualPercentageRate":{"type":"integer"},"disbursementSchedule":{"type":"array","items":{"type":"object","properties":{"disbursementSeqNumber":{"type":"integer"},"disbursementDate":{"type":"string"},"disbursementAmount":{"type":"object","properties":{"amount":{"type":"integer"},"currency":{"type":"string"}}},"disbursementStatus":{"type":"string"},"disbursementBeneficiary":{"type":"string"},"disbursementType":{"type":"string"}},"required":["disbursementSeqNumber","disbursementDate","disbursementAmount","disbursementStatus","disbursementBeneficiary","disbursementType"]}},"repaymentSchedule":{"type":"array","items":{"type":"object","properties":{"repaymentNumber":{"type":"integer"},"repaymentDate":{"type":"string"},"principalAmount":{"type":"object","properties":{"amount":{"type":"number"},"currency":{"type":"string"}}},"interestAmount":{"type":"object","properties":{"amount":{"type":"number"},"currency":{"type":"string"}}},"outstandingBalance":{"type":"object","properties":{"amount":{"type":"number"},"currency":{"type":"string"}}},"repaymentAmount":{"type":"object","properties":{"amount":{"type":"number"},"currency":{"type":"string"}}},"scheduleChargeAmount":{"type":"object","properties":{"amount":{"type":"integer"},"currency":{"type":"string"}}},"taxScheduleCharge":{"type":"object","properties":{"amount":{"type":"integer"},"currency":{"type":"string"}}}},"required":["repaymentNumber","repaymentDate","principalAmount","interestAmount","outstandingBalance","repaymentAmount","scheduleChargeAmount","taxScheduleCharge"]}}}}}},"Set_Loan_Account_Response":{"runAfter":{"Parse_JSON_2":["Succeeded"]},"type":"SetVariable","inputs":{"name":"LoanAccountResponse","value":"@body('Parse_JSON_2')"}}},"runAfter":{"Create_Loan_Account_API":["Succeeded","Failed","TimedOut"]},"else":{"actions":{"Response_Error_-_Internal_or_Not_Found":{"runAfter":{},"type":"Response","kind":"Http","inputs":{"statusCode":400,"body":"@variables('LoanAccountResponse')","schema":{"type":"object","properties":{"loanApplicationId":{"type":"string"},"loanId":{"type":"string"},"loanApplicants":{"type":"array","items":{"type":"object","properties":{},"required":[]}},"loanAccountBranch":{"type":"string"},"productName":{"type":"string"},"loanPurpose":{"type":"string"},"loanRequestAmount":{"type":"object","properties":{"amount":{"type":"integer"},"currency":{"type":"string"}}},"customerContributionAmount":{"type":"object","properties":{"amount":{"type":"integer"},"currency":{"type":"string"}}},"principalAmount":{"type":"object","properties":{"amount":{"type":"integer"},"currency":{"type":"string"}}},"loanStartDate":{"type":"string"},"loanTerm":{"type":"object","properties":{"calendarPeriod":{"type":"string"},"value":{"type":"integer"}}},"repaymentType":{"type":"string"},"repaymentFrequency":{"type":"string"},"moratoriumType":{"type":"string"},"moratoriumPeriod":{"type":"integer"},"moratoriumEndDate":{"type":"string"},"balloonPaymentAmount":{"type":"object","properties":{"amount":{"type":"integer"},"currency":{"type":"string"}}},"maturityDate":{"type":"string"},"interestRateType":{"type":"string"},"productInterestRate":{"type":"number"},"customerInterestMargin":{"type":"number"},"effectiveInterestRate":{"type":"number"},"interestRatePostFixed":{"type":"string"},"interestResetDate":{"type":"string"},"repaymentAccount":{"type":"string"},"feeCollectionAccount":{"type":"string"},"industry":{"type":"string"},"loanEstablishmentCharges":{"type":"array","items":{"type":"object","properties":{},"required":[]}},"annualPercentageRate":{"type":"number"},"disbursementSchedule":{"type":"array","items":{"type":"object","properties":{},"required":[]}},"repaymentSchedule":{"type":"array","items":{"type":"object","properties":{},"required":[]}},"loanTaxDetails":{"type":"array","items":{"type":"object","properties":{},"required":[]}}}}}}}},"expression":{"equals":["@outputs('Create_Loan_Account_API')['statusCode']",201]},"type":"If"},"Initialize_Loan_Account_Response":{"runAfter":{"Check_FFDC_Token":["Succeeded"]},"type":"InitializeVariable","inputs":{"variables":[{"name":"LoanAccountResponse","type":"object","value":{"loanApplicationId":null,"loanId":null}}]}},"Initialize_Customer_Id":{"runAfter":{"Initialize_Loan_Account_Response":["Succeeded"]},"type":"InitializeVariable","inputs":{"variables":[{"name":"CustomerId","type":"string","value":"@{triggerBody()['InitializeCustomerId_Value']}"}]}},"Check_FFDC_Token":{"actions":{"FFDC_Authentication":{"runAfter":{},"type":"Http","inputs":{"method":"POST","uri":"https://api.preprod.fusionfabric.cloud/login/v1/sandbox/oidc/token","headers":{"Content-Type":"application/x-www-form-urlencoded"},"body":"grant_type=client_credentials&client_id=e8fe65bb-c6a8-41f3-a157-a80607b6ff7d&client_secret=05763fe2-1cbe-461d-b241-60fc923742c9"}},"Parse_JSON":{"runAfter":{"FFDC_Authentication":["Succeeded"]},"type":"ParseJson","inputs":{"content":"@body('FFDC_Authentication')","schema":{"type":"object","properties":{"access_token":{"type":"string"},"expires_in":{"type":"integer"},"refresh_token":{"type":"string"},"refresh_expires_in":{"type":"integer"},"scope":{"type":"string"},"token_type":{"type":"string"},"id_token":{}}}}},"Set_New_Authorization_Token":{"runAfter":{"Parse_JSON":["Succeeded"]},"type":"SetVariable","inputs":{"name":"Authorization Token","value":"Bearer @{body('Parse_JSON')?['access_token']}"}}},"runAfter":{"Initialize_Authorization_Token":["Succeeded"]},"else":{"actions":{"Pass_Authorization_Token":{"runAfter":{},"type":"SetVariable","inputs":{"name":"Authorization Token","value":"Bearer @{triggerBody()['CheckFFDCToken_ObjectName']}"}}}},"expression":{"equals":["@triggerBody()['CheckFFDCToken_ObjectName']","@'NA'"]},"type":"If"},"Initialize_Authorization_Token":{"runAfter":{},"type":"InitializeVariable","inputs":{"variables":[{"name":"Authorization Token","type":"string"}]}},"Initialize_Loan_Product_Code":{"runAfter":{"Initialize_Customer_Id":["Succeeded"]},"type":"InitializeVariable","inputs":{"variables":[{"name":"LoanProductCode","type":"string","value":"@{triggerBody()['InitializeLoanProductCode_Value']}"}]}},"Initialize_Loan_Request_Amount":{"runAfter":{"Initialize_Loan_Product_Code":["Succeeded"]},"type":"InitializeVariable","inputs":{"variables":[{"name":"LoanRequestAmount","type":"float","value":"@triggerBody()['InitializeLoanRequestAmount_Value']"}]}},"Initialize_Loan_Term_In_Months":{"runAfter":{"Initialize_Loan_Request_Amount":["Succeeded"]},"type":"InitializeVariable","inputs":{"variables":[{"name":"LoanTermInMonths","type":"integer","value":"@int(triggerBody()['InitializeLoanTermInMonths_Value'])"}]}},"Initialize_Loan_Repayment_Account":{"runAfter":{"Initialize_Loan_Term_In_Months":["Succeeded"]},"type":"InitializeVariable","inputs":{"variables":[{"name":"LoanRepaymentAccountNumber","type":"string","value":"@{triggerBody()['InitializeLoanRepaymentAccount_Value']}"}]}},"Initialize_Loan_Charge_Amount":{"runAfter":{"Initialize_Loan_Repayment_Account":["Succeeded"]},"type":"InitializeVariable","inputs":{"variables":[{"name":"LoanChargeAmount","type":"float","value":"@triggerBody()['InitializeLoanChargeAmount_Value']"}]}}}},"connectionReferences":{},"flowFailureAlertSubscribed":false}}