{"name":"7ad67942-f07c-4889-b927-b329a3c3ca8c","id":"/providers/Microsoft.Flow/flows/7ad67942-f07c-4889-b927-b329a3c3ca8c","type":"Microsoft.Flow/flows","properties":{"apiId":"/providers/Microsoft.PowerApps/apis/shared_logicflows","displayName":"Flow List Customer Accounts FFDC","definition":{"metadata":{"workflowEntityId":null,"flowclientsuspensionreason":"None","flowclientsuspensiontime":null,"creator":{"id":"deea29af-335e-4fa0-8d6e-b728cbf11231","type":"User","tenantId":"0b9b90da-3fe1-457a-b340-f1b67e1024fb"},"provisioningMethod":"FromDefinition","failureAlertSubscription":true,"clientLastModifiedTime":"2020-11-12T16:34:31.1102027Z"},"$schema":"https://schema.management.azure.com/providers/Microsoft.Logic/schemas/2016-06-01/workflowdefinition.json#","contentVersion":"1.0.0.0","parameters":{"$authentication":{"defaultValue":{},"type":"SecureObject"}},"triggers":{"manual":{"type":"Request","kind":"PowerApp","inputs":{"schema":{"type":"object","properties":{"InitializeCustomerId_Value":{"type":"string","description":"Enter initial value","x-ms-powerflows-param-ispartial":false},"CheckFFDCToken_ObjectName":{"type":"any","description":"Choose a value","x-ms-powerflows-param-ispartial":false}},"required":["InitializeCustomerId_Value","CheckFFDCToken_ObjectName"]}}}},"actions":{"List_Customer_Accounts_API":{"runAfter":{"Initialize_Customer_Id":["Succeeded"]},"type":"Http","inputs":{"method":"GET","uri":"https://api.preprod.fusionfabric.cloud/retail-banking/accounts/v1/accounts?customerId=@{variables('CustomerIdQuery')}&accountType=SVGS&limit=5","headers":{"X-Request-ID":"56983b2a-2c5e-47c1-abf6-4c8b2316676c","Content-Type":"application/json","Authorization":"@variables('Authorization Token')"},"queries":{"customerId":"@variables('CustomerIdQuery')","accountType":"SVGS","limit":"5"}}},"Check_Account_List_API_Response":{"actions":{"Parse_JSON_2":{"runAfter":{},"type":"ParseJson","inputs":{"content":"@body('List_Customer_Accounts_API')","schema":{"type":"object","properties":{"items":{"type":"array","items":{"type":"object","properties":{"accountId":{"type":"string"},"accountName":{"type":"string"},"currency":{"type":"string"},"customerType":{"type":"string"},"accountType":{"type":"string"},"accountStatus":{"type":"string"},"accountOwnership":{"type":"string"},"postingsRestriction":{"type":"string"}},"required":["accountId","accountName","currency","customerType","accountType","accountStatus","accountOwnership","postingsRestriction"]}},"links":{"type":"object","properties":{"self":{"type":"object","properties":{"href":{"type":"string"},"templated":{"type":"boolean"}}},"next":{"type":"object","properties":{"href":{"type":"string"},"templated":{"type":"boolean"}}}}}}}}},"Response_-_Success":{"runAfter":{"Set_Response_Variable":["Succeeded"]},"type":"Response","kind":"Http","inputs":{"statusCode":200,"body":"@variables('AccountsListResponse')","schema":{"type":"array","items":{"type":"object","properties":{"accountId":{"type":"string"},"accountName":{"type":"string"},"currency":{"type":"string"},"customerType":{"type":"string"},"accountType":{"type":"string"},"accountStatus":{"type":"string"},"accountOwnership":{"type":"string"},"postingsRestriction":{"type":"string"}},"required":["accountId","accountName","currency","customerType","accountType","accountStatus","accountOwnership","postingsRestriction"]}}}},"Set_Response_Variable":{"runAfter":{"Parse_JSON_2":["Succeeded"]},"type":"SetVariable","inputs":{"name":"AccountsListResponse","value":"@body('Parse_JSON_2').items"}}},"runAfter":{"List_Customer_Accounts_API":["Succeeded","Failed","TimedOut"]},"else":{"actions":{"Response_Error_-_Internal_or_Not_Found":{"runAfter":{},"type":"Response","kind":"Http","inputs":{"statusCode":404,"body":[]}}}},"expression":{"equals":["@outputs('List_Customer_Accounts_API')['statusCode']",200]},"type":"If"},"Initialize_Accounts_List_Response":{"runAfter":{"Check_FFDC_Token":["Succeeded"]},"type":"InitializeVariable","inputs":{"variables":[{"name":"AccountsListResponse","type":"array"}]}},"Initialize_Customer_Id":{"runAfter":{"Initialize_Accounts_List_Response":["Succeeded"]},"type":"InitializeVariable","inputs":{"variables":[{"name":"CustomerIdQuery","type":"string","value":"@{triggerBody()['InitializeCustomerId_Value']}"}]}},"Check_FFDC_Token":{"actions":{"FFDC_Authentication":{"runAfter":{},"type":"Http","inputs":{"method":"POST","uri":"https://api.preprod.fusionfabric.cloud/login/v1/sandbox/oidc/token","headers":{"Content-Type":"application/x-www-form-urlencoded"},"body":"grant_type=client_credentials&client_id=e8fe65bb-c6a8-41f3-a157-a80607b6ff7d&client_secret=05763fe2-1cbe-461d-b241-60fc923742c9"}},"Parse_JSON":{"runAfter":{"FFDC_Authentication":["Succeeded"]},"type":"ParseJson","inputs":{"content":"@body('FFDC_Authentication')","schema":{"type":"object","properties":{"access_token":{"type":"string"},"expires_in":{"type":"integer"},"refresh_token":{"type":"string"},"refresh_expires_in":{"type":"integer"},"scope":{"type":"string"},"token_type":{"type":"string"},"id_token":{}}}}},"Set_New_Authorization_Token":{"runAfter":{"Parse_JSON":["Succeeded"]},"type":"SetVariable","inputs":{"name":"Authorization Token","value":"Bearer @{body('Parse_JSON')?['access_token']}"}}},"runAfter":{"Initialize_Authorization_Token":["Succeeded"]},"else":{"actions":{"Pass_Authorization_Token":{"runAfter":{},"type":"SetVariable","inputs":{"name":"Authorization Token","value":"Bearer @{triggerBody()['CheckFFDCToken_ObjectName']}"}}}},"expression":{"equals":["@triggerBody()['CheckFFDCToken_ObjectName']","@'NA'"]},"type":"If"},"Initialize_Authorization_Token":{"runAfter":{},"type":"InitializeVariable","inputs":{"variables":[{"name":"Authorization Token","type":"string"}]}}}},"connectionReferences":{},"flowFailureAlertSubscribed":false}}