{"name":"bf32842c-ea13-4f3e-9b01-08c1c215b967","id":"/providers/Microsoft.Flow/flows/bf32842c-ea13-4f3e-9b01-08c1c215b967","type":"Microsoft.Flow/flows","properties":{"apiId":"/providers/Microsoft.PowerApps/apis/shared_logicflows","displayName":"Flow Search And Validate Customer FFDC","definition":{"metadata":{"workflowEntityId":null,"flowclientsuspensionreason":"None","flowclientsuspensiontime":null,"creator":{"id":"deea29af-335e-4fa0-8d6e-b728cbf11231","type":"User","tenantId":"0b9b90da-3fe1-457a-b340-f1b67e1024fb"},"provisioningMethod":"FromDefinition","failureAlertSubscription":true,"clientLastModifiedTime":"2020-12-16T18:37:18.4068746Z"},"$schema":"https://schema.management.azure.com/providers/Microsoft.Logic/schemas/2016-06-01/workflowdefinition.json#","contentVersion":"1.0.0.0","parameters":{"$authentication":{"defaultValue":{},"type":"SecureObject"}},"triggers":{"manual":{"type":"Request","kind":"PowerApp","inputs":{"schema":{"type":"object","properties":{"Condition_Value":{"type":"any","description":"Choose a value","x-ms-powerflows-param-ispartial":false},"SearchCustomerAPI_Body":{"type":"any","description":"Enter request content. This parameter is used as part of \"2AF4CDB3-99FC-439F-BB4C-6327E2665C1F\"","x-ms-powerflows-param-ispartial":true},"SearchCustomerAPI_Body_1":{"type":"any"},"CheckFFDCToken_ObjectName":{"type":"any","description":"Choose a value","x-ms-powerflows-param-ispartial":false}},"required":["Condition_Value","SearchCustomerAPI_Body","SearchCustomerAPI_Body_1","CheckFFDCToken_ObjectName"]}}}},"actions":{"Search_Customer_API":{"runAfter":{"Initialize_Error_Response":["Succeeded"]},"type":"Http","inputs":{"method":"POST","uri":"https://api.preprod.fusionfabric.cloud/retail-banking/customers/v1/personal-customers/search?limit=10&offset=0","headers":{"X-Request-ID":"56983b2a-2c5e-47c1-abf6-4c8b2316676c","Content-Type":"application/json","Authorization":"@variables('Authorization Token')"},"body":{"dateOfBirth":"@triggerBody()['SearchCustomerAPI_Body']","phoneNumber":"@triggerBody()['SearchCustomerAPI_Body_1']"}}},"Check_Search_API_Response":{"actions":{"Parse_JSON_2":{"runAfter":{},"type":"ParseJson","inputs":{"content":"@body('Search_Customer_API')","schema":{"type":"object","properties":{"items":{"type":"array","items":{"type":"object","properties":{"customerId":{"type":"string"},"branchCode":{"type":"string"},"title":{"type":"string"},"firstName":{"type":"string"},"lastName":{"type":"string"},"dateOfBirth":{"type":"string"},"gender":{"type":"string"},"countryOfResidency":{"type":"string"},"identification":{"type":"object","properties":{"type":{"type":"string"},"id":{"type":"string"}}},"addresses":{"type":"array","items":{"type":"object","properties":{"addressType":{"type":"string"},"country":{"type":"string"},"line1":{"type":"string"},"line2":{"type":"string"},"line3":{"type":"string"},"line4":{"type":"string"},"line5":{"type":"string"},"postalCode":{"type":"string"},"buildingNumber":{"type":"string"}},"required":["addressType","country","line1","line2","line3","line4","line5","postalCode","buildingNumber"]}},"phoneNumbers":{"type":"array","items":{"type":"object","properties":{"type":{"type":"string"},"number":{"type":"string"}},"required":["type","number"]}},"emailAddresses":{"type":"array","items":{"type":"object","properties":{"type":{"type":"string"},"address":{"type":"string"}},"required":["type","address"]}}},"required":["customerId","branchCode","title","firstName","lastName","dateOfBirth","gender","countryOfResidency","identification","addresses","phoneNumbers","emailAddresses"]}},"links":{"type":"object","properties":{"self":{"type":"object","properties":{"href":{"type":"string"},"templated":{"type":"boolean"}}}}}}}}},"Condition":{"actions":{"Response_Success":{"runAfter":{"Set_variable":["Succeeded"]},"type":"Response","kind":"Http","inputs":{"statusCode":200,"body":"@variables('CustomerDetailsResponse')","schema":{"type":"object","properties":{"customerId":{"type":"string"},"branchCode":{"type":"string"},"title":{"type":"string"},"firstName":{"type":"string"},"lastName":{"type":"string"},"dateOfBirth":{"type":"string"},"gender":{"type":"string"},"countryOfResidency":{"type":"string"},"identification":{"type":"object","properties":{"type":{"type":"string"},"id":{"type":"string"}}},"addresses":{"type":"array","items":{"type":"object","properties":{"addressType":{"type":"string"},"country":{"type":"string"},"line1":{"type":"string"},"line2":{"type":"string"},"line3":{"type":"string"},"line4":{"type":"string"},"line5":{"type":"string"},"postalCode":{"type":"string"},"buildingNumber":{"type":"string"}},"required":["addressType","country","line1","line2","line3","line4","line5","postalCode","buildingNumber"]}},"phoneNumbers":{"type":"array","items":{"type":"object","properties":{"type":{"type":"string"},"number":{"type":"string"}},"required":["type","number"]}},"emailAddresses":{"type":"array","items":{"type":"object","properties":{"type":{"type":"string"},"address":{"type":"string"}},"required":["type","address"]}}}}}},"Set_variable":{"runAfter":{},"type":"SetVariable","inputs":{"name":"CustomerDetailsResponse","value":"@body('Parse_JSON_2')?['items'][0]"}}},"runAfter":{"Parse_JSON_2":["Succeeded"]},"else":{"actions":{"Response_Error_Not_Found":{"runAfter":{},"type":"Response","kind":"Http","inputs":{"statusCode":200,"body":"@variables('ErrorResponse')","schema":{"type":"object","properties":{"customerId":{"type":"string"},"branchCode":{"type":"string"},"title":{"type":"string"},"firstName":{"type":"string"},"lastName":{"type":"string"},"dateOfBirth":{"type":"string"},"gender":{"type":"string"},"countryOfResidency":{"type":"string"},"identification":{"type":"object","properties":{"type":{"type":"string"},"id":{"type":"string"}}},"addresses":{"type":"array","items":{"type":"object","properties":{"addressType":{"type":"string"},"country":{"type":"string"},"line1":{"type":"string"},"line2":{"type":"string"},"line3":{"type":"string"},"line4":{"type":"string"},"line5":{"type":"string"},"postalCode":{"type":"string"},"buildingNumber":{"type":"string"}},"required":["addressType","country","line1","line2","line3","line4","line5","postalCode","buildingNumber"]}},"phoneNumbers":{"type":"array","items":{"type":"object","properties":{"type":{"type":"string"},"number":{"type":"string"}},"required":["type","number"]}},"emailAddresses":{"type":"array","items":{"type":"object","properties":{"type":{"type":"string"},"address":{"type":"string"}},"required":["type","address"]}}}}}}}},"expression":{"equals":["@body('Parse_JSON_2')?['items'][0]['customerId']","@triggerBody()['Condition_Value']"]},"type":"If"}},"runAfter":{"Search_Customer_API":["Succeeded","Failed","TimedOut"]},"else":{"actions":{"Response_Error_-_Internal_or_Not_Found":{"runAfter":{},"type":"Response","kind":"Http","inputs":{"statusCode":200,"body":"@variables('ErrorResponse')","schema":{"type":"object","properties":{"customerId":{"type":"string"},"branchCode":{"type":"string"},"title":{"type":"string"},"firstName":{"type":"string"},"lastName":{"type":"string"},"dateOfBirth":{"type":"string"},"gender":{"type":"string"},"countryOfResidency":{"type":"string"},"identification":{"type":"object","properties":{"type":{"type":"string"},"id":{"type":"string"}}},"addresses":{"type":"array","items":{"type":"object","properties":{"addressType":{"type":"string"},"country":{"type":"string"},"line1":{"type":"string"},"line2":{"type":"string"},"line3":{"type":"string"},"line4":{"type":"string"},"line5":{"type":"string"},"postalCode":{"type":"string"},"buildingNumber":{"type":"string"}},"required":["addressType","country","line1","line2","line3","line4","line5","postalCode","buildingNumber"]}},"phoneNumbers":{"type":"array","items":{"type":"object","properties":{"type":{"type":"string"},"number":{"type":"string"}},"required":["type","number"]}},"emailAddresses":{"type":"array","items":{"type":"object","properties":{"type":{"type":"string"},"address":{"type":"string"}},"required":["type","address"]}}}}}}}},"expression":{"equals":["@outputs('Search_Customer_API')['statusCode']",200]},"type":"If"},"Initialize_Customer_Details_Response":{"runAfter":{"Check_FFDC_Token":["Succeeded"]},"type":"InitializeVariable","inputs":{"variables":[{"name":"CustomerDetailsResponse","type":"object","value":{"customerId":"PTYBILL1","branchCode":"00000001","title":"Mr","firstName":"Johny","lastName":"Smith","dateOfBirth":"1975-05-01","gender":"MALE","countryOfResidency":"US","identification":{"type":"SOSE","id":"2137616"},"addresses":[{"addressType":"BUSINESS","country":"US","line1":"Starbucks Branch","line2":"202 Powell Street","line3":"string","line4":"San Francisco","line5":"CA","postalCode":"94102","buildingNumber":"100"}],"phoneNumbers":[{"type":"FAX","number":"+44 9089112399"}],"emailAddresses":[{"type":"HOME","address":"OfficeAdmin@OfficeAddress.com"}]}}]}},"Initialize_Error_Response":{"runAfter":{"Initialize_Customer_Details_Response":["Succeeded"]},"type":"InitializeVariable","inputs":{"variables":[{"name":"ErrorResponse","type":"object","value":{"customerId":"Internal Error or Data Not Found"}}]}},"Initialize_Authorization_Token":{"runAfter":{},"type":"InitializeVariable","inputs":{"variables":[{"name":"Authorization Token","type":"string"}]}},"Check_FFDC_Token":{"actions":{"FFDC_Authentication":{"runAfter":{},"type":"Http","inputs":{"method":"POST","uri":"https://api.preprod.fusionfabric.cloud/login/v1/sandbox/oidc/token","headers":{"Content-Type":"application/x-www-form-urlencoded"},"body":"grant_type=client_credentials&client_id=e8fe65bb-c6a8-41f3-a157-a80607b6ff7d&client_secret=05763fe2-1cbe-461d-b241-60fc923742c9"}},"Parse_JSON":{"runAfter":{"FFDC_Authentication":["Succeeded"]},"type":"ParseJson","inputs":{"content":"@body('FFDC_Authentication')","schema":{"type":"object","properties":{"access_token":{"type":"string"},"expires_in":{"type":"integer"},"refresh_token":{"type":"string"},"refresh_expires_in":{"type":"integer"},"scope":{"type":"string"},"token_type":{"type":"string"},"id_token":{}}}}},"Set_New_Authorization_Token":{"runAfter":{"Parse_JSON":["Succeeded"]},"type":"SetVariable","inputs":{"name":"Authorization Token","value":"Bearer @{body('Parse_JSON')?['access_token']}"}}},"runAfter":{"Initialize_Authorization_Token":["Succeeded"]},"else":{"actions":{"Pass_Authorization_Token":{"runAfter":{},"type":"SetVariable","inputs":{"name":"Authorization Token","value":"Bearer @{triggerBody()['CheckFFDCToken_ObjectName']}"}}}},"expression":{"equals":["@triggerBody()['CheckFFDCToken_ObjectName']","NA"]},"type":"If"}}},"connectionReferences":{},"flowFailureAlertSubscribed":false}}