{"name":"398ce011-a40a-47a4-8d7e-a187596858f5","id":"/providers/Microsoft.Flow/flows/398ce011-a40a-47a4-8d7e-a187596858f5","type":"Microsoft.Flow/flows","properties":{"apiId":"/providers/Microsoft.PowerApps/apis/shared_logicflows","displayName":"Flow Loan Eligibility Rule Engine","definition":{"metadata":{"workflowEntityId":null,"flowclientsuspensionreason":"None","flowclientsuspensiontime":null,"creator":{"id":"deea29af-335e-4fa0-8d6e-b728cbf11231","type":"User","tenantId":"0b9b90da-3fe1-457a-b340-f1b67e1024fb"},"provisioningMethod":"FromDefinition","failureAlertSubscription":true,"clientLastModifiedTime":"2020-12-17T07:41:41.8906053Z"},"$schema":"https://schema.management.azure.com/providers/Microsoft.Logic/schemas/2016-06-01/workflowdefinition.json#","contentVersion":"1.0.0.0","parameters":{"$authentication":{"defaultValue":{},"type":"SecureObject"}},"triggers":{"manual":{"type":"Request","kind":"PowerApp","inputs":{"schema":{"type":"object","properties":{"CheckFFDCToken_ObjectName":{"type":"any","description":"Choose a value","x-ms-powerflows-param-ispartial":false},"InitializeCustomerProfileDetails_Value":{"type":"string","description":"Enter initial value","x-ms-powerflows-param-ispartial":false},"InitializeSavingsAccountDetails_Value":{"type":"string","description":"Enter initial value","x-ms-powerflows-param-ispartial":false},"InitializeLoanAccountDetails_Value":{"type":"string","description":"Enter initial value","x-ms-powerflows-param-ispartial":false},"InitializeCustomerCreditScore_Value":{"type":"number","description":"Enter initial value","x-ms-powerflows-param-ispartial":false},"VariableLoanRequestAmount_Value":{"type":"number","description":"Enter initial value","x-ms-powerflows-param-ispartial":false},"VariableLoanInterestRate_Value":{"type":"number","description":"Enter initial value","x-ms-powerflows-param-ispartial":false},"VariableLoanTenureMonths_Value":{"type":"string","description":"Enter initial value","x-ms-powerflows-param-ispartial":false}},"required":["CheckFFDCToken_ObjectName","InitializeCustomerProfileDetails_Value","InitializeSavingsAccountDetails_Value","InitializeLoanAccountDetails_Value","InitializeCustomerCreditScore_Value","VariableLoanRequestAmount_Value","VariableLoanInterestRate_Value","VariableLoanTenureMonths_Value"]}}}},"actions":{"Check_FFDC_Token":{"actions":{"FFDC_Authentication":{"runAfter":{},"type":"Http","inputs":{"method":"POST","uri":"https://api.preprod.fusionfabric.cloud/login/v1/sandbox/oidc/token","headers":{"Content-Type":"application/x-www-form-urlencoded"},"body":"grant_type=client_credentials&client_id=e8fe65bb-c6a8-41f3-a157-a80607b6ff7d&client_secret=05763fe2-1cbe-461d-b241-60fc923742c9"}},"Parse_JSON":{"runAfter":{"FFDC_Authentication":["Succeeded"]},"type":"ParseJson","inputs":{"content":"@body('FFDC_Authentication')","schema":{"type":"object","properties":{"access_token":{"type":"string"},"expires_in":{"type":"integer"},"refresh_token":{"type":"string"},"refresh_expires_in":{"type":"integer"},"scope":{"type":"string"},"token_type":{"type":"string"},"id_token":{}}}}},"Set_New_Authorization_Token":{"runAfter":{"Parse_JSON":["Succeeded"]},"type":"SetVariable","inputs":{"name":"Authorization Token","value":"Bearer @{body('Parse_JSON')?['access_token']}"}}},"runAfter":{"Initialize_Authorization_Token":["Succeeded"]},"else":{"actions":{"Pass_Authorization_Token":{"runAfter":{},"type":"SetVariable","inputs":{"name":"Authorization Token","value":"Bearer "}}}},"expression":{"equals":["@triggerBody()['CheckFFDCToken_ObjectName']","@'NA'"]},"type":"If"},"Initialize_Authorization_Token":{"runAfter":{},"type":"InitializeVariable","inputs":{"variables":[{"name":"Authorization Token","type":"string"}]}},"Initialize_Customer_Profile_Details":{"runAfter":{"Variable_Loan_Interest_Rate":["Succeeded"]},"type":"InitializeVariable","inputs":{"variables":[{"name":"CustomerProfileDetails","type":"string","value":"@{triggerBody()['InitializeCustomerProfileDetails_Value']}"}]}},"Initialize_Savings_Account_Details":{"runAfter":{"Initialize_Income_Expense_Details":["Succeeded"]},"type":"InitializeVariable","inputs":{"variables":[{"name":"CustomerSavingsAccountDetails","type":"string","value":"@{triggerBody()['InitializeSavingsAccountDetails_Value']}"}]}},"Response_-_Loan_Eligibility_Details":{"runAfter":{"Rule_-_Income_Expense_and_Existing_Loans":["Succeeded"]},"type":"Response","kind":"Http","inputs":{"statusCode":200,"body":"@variables('LoanEligibilityResponse')","schema":{"type":"object","properties":{"eligibleLoanAmount":{"type":"number"},"eligibleInterestRate":{"type":"number"},"eligibleTenureInMonths":{"type":"integer"}}}}},"Initialize_Customer_Credit_Score":{"runAfter":{"Initialize_Existing_Loan_Account_Details":["Succeeded"]},"type":"InitializeVariable","inputs":{"variables":[{"name":"CustomerCreditScore","type":"float","value":"@triggerBody()['InitializeCustomerCreditScore_Value']"}]}},"Rule_-_Check_Age_and_Credit_Score":{"actions":{"Increase_Loan_Interest_Rate":{"runAfter":{},"type":"SetVariable","inputs":{"name":"LoanEligibilityResponse","value":{"eligibleLoanAmount":"@variables('LoanRequestAmount')","eligibleInterestRate":"@mul(variables('LoanInterestRate'),1.05)","eligibleTenureInMonths":"@variables('LoanTenureInMonths')"}}}},"runAfter":{"Initialize_Loan_Eligibility_Response":["Succeeded"]},"expression":{"and":[{"lessOrEquals":["@variables('CustomerCreditScore')",70]},{"greater":["@div(div(sub(ticks(utcNow('yyyy-MM-dd')),ticks(json(variables('CustomerProfileDetails'))['dateOfBirth'])),864000000000),365.25)",40]}]},"type":"If"},"Initialize_Loan_Eligibility_Response":{"runAfter":{"Initialize_Customer_Credit_Score":["Succeeded"]},"type":"InitializeVariable","inputs":{"variables":[{"name":"LoanEligibilityResponse","type":"object","value":{"eligibleLoanAmount":"@variables('LoanRequestAmount')","eligibleInterestRate":"@variables('LoanInterestRate')","eligibleTenureInMonths":"@variables('LoanTenureInMonths')"}}]}},"Initialize_Existing_Loan_Account_Details":{"runAfter":{"Initialize_Savings_Account_Details":["Succeeded"]},"type":"InitializeVariable","inputs":{"variables":[{"name":"CustomerLoanAccountDetails","type":"string","value":"@{triggerBody()['InitializeLoanAccountDetails_Value']}"}]}},"Variable_Loan_Request_Amount":{"runAfter":{"Check_FFDC_Token":["Succeeded"]},"type":"InitializeVariable","inputs":{"variables":[{"name":"LoanRequestAmount","type":"float","value":"@triggerBody()['VariableLoanRequestAmount_Value']"}]}},"Variable_Loan_Tenure_Months":{"runAfter":{"Variable_Loan_Request_Amount":["Succeeded"]},"type":"InitializeVariable","inputs":{"variables":[{"name":"LoanTenureInMonths","type":"string","value":"@triggerBody()['VariableLoanTenureMonths_Value']"}]}},"Variable_Loan_Interest_Rate":{"runAfter":{"Variable_Loan_Tenure_Months":["Succeeded"]},"type":"InitializeVariable","inputs":{"variables":[{"name":"LoanInterestRate","type":"float","value":"@triggerBody()['VariableLoanInterestRate_Value']"}]}},"Initialize_Income_Expense_Details":{"runAfter":{"Initialize_Customer_Profile_Details":["Succeeded"]},"type":"InitializeVariable","inputs":{"variables":[{"name":"CustomerIncomeExpenseDetails","type":"object","value":{"averageIncomePerMonth":1350,"averageExpensePerMonth":380}}]}},"Rule_-_Income_Expense_and_Existing_Loans":{"actions":{"Reduce_Eligible_Loan_Amount_and_Adjust_Tenor":{"runAfter":{},"type":"SetVariable","inputs":{"name":"LoanEligibilityResponse","value":{"eligibleLoanAmount":"@mul(variables('LoanRequestAmount'),1)","eligibleInterestRate":"@variables('LoanInterestRate')","eligibleTenureInMonths":"@add(int(variables('LoanTenureInMonths')),0)"}}}},"runAfter":{"Rule_-_Check_Age_and_Credit_Score":["Succeeded"]},"expression":{"and":[{"greater":["@float(variables('CustomerIncomeExpenseDetails')['averageIncomePerMonth'])",1300]},{"greater":["@length(variables('CustomerLoanAccountDetails'))",1]}]},"type":"If"}}},"connectionReferences":{},"flowFailureAlertSubscribed":false}}