{"name":"f21c8b4b-fa19-4c5a-bcc3-08609fef3c8b","id":"/providers/Microsoft.Flow/flows/f21c8b4b-fa19-4c5a-bcc3-08609fef3c8b","type":"Microsoft.Flow/flows","properties":{"apiId":"/providers/Microsoft.PowerApps/apis/shared_logicflows","displayName":"Flow FFDC Authentication Token","definition":{"metadata":{"workflowEntityId":null,"flowclientsuspensionreason":"None","flowclientsuspensiontime":null,"creator":{"id":"deea29af-335e-4fa0-8d6e-b728cbf11231","type":"User","tenantId":"0b9b90da-3fe1-457a-b340-f1b67e1024fb"},"provisioningMethod":"FromDefinition","failureAlertSubscription":true,"clientLastModifiedTime":"2020-11-09T20:10:25.5949872Z"},"$schema":"https://schema.management.azure.com/providers/Microsoft.Logic/schemas/2016-06-01/workflowdefinition.json#","contentVersion":"1.0.0.0","parameters":{"$authentication":{"defaultValue":{},"type":"SecureObject"}},"triggers":{"manual":{"type":"Request","kind":"PowerApp","inputs":{"schema":{"type":"object","properties":{},"required":[]}}}},"actions":{"Fetch_FFDC_Token":{"runAfter":{},"type":"Http","inputs":{"method":"POST","uri":"https://api.preprod.fusionfabric.cloud/login/v1/sandbox/oidc/token","headers":{"Content-Type":"application/x-www-form-urlencoded"},"body":"grant_type=client_credentials&client_id=e8fe65bb-c6a8-41f3-a157-a80607b6ff7d&client_secret=05763fe2-1cbe-461d-b241-60fc923742c9"}},"Parse_JSON":{"runAfter":{"Fetch_FFDC_Token":["Succeeded"]},"type":"ParseJson","inputs":{"content":"@body('Fetch_FFDC_Token')","schema":{"type":"object","properties":{"access_token":{"type":"string"},"expires_in":{"type":"integer"},"refresh_token":{"type":"string"},"refresh_expires_in":{"type":"integer"},"scope":{"type":"string"},"token_type":{"type":"string"},"id_token":{}}}}},"Initialize_variable":{"runAfter":{"Parse_JSON":["Succeeded"]},"type":"InitializeVariable","inputs":{"variables":[{"name":"Authorization Token","type":"string","value":"@body('Parse_JSON')?['access_token']"}]}},"Respond_to_a_PowerApp_or_flow":{"runAfter":{"Initialize_variable":["Succeeded"]},"type":"Response","kind":"PowerApp","inputs":{"statusCode":200,"body":{"access_token":"@variables('Authorization Token')"},"schema":{"type":"object","properties":{"access_token":{"title":"access_token","x-ms-dynamically-added":true,"type":"string"}}}}}}},"connectionReferences":{},"flowFailureAlertSubscribed":false}}