{"name":"2296c747-24a8-4d5e-b461-508a261fd2e6","id":"/providers/Microsoft.Flow/flows/2296c747-24a8-4d5e-b461-508a261fd2e6","type":"Microsoft.Flow/flows","properties":{"apiId":"/providers/Microsoft.PowerApps/apis/shared_logicflows","displayName":"Flow Credit Score - TPT Adapter","definition":{"metadata":{"workflowEntityId":null,"flowclientsuspensionreason":"None","flowclientsuspensiontime":null,"creator":{"id":"deea29af-335e-4fa0-8d6e-b728cbf11231","type":"User","tenantId":"0b9b90da-3fe1-457a-b340-f1b67e1024fb"},"provisioningMethod":"FromDefinition","failureAlertSubscription":true,"clientLastModifiedTime":"2020-11-10T19:58:34.9439379Z"},"$schema":"https://schema.management.azure.com/providers/Microsoft.Logic/schemas/2016-06-01/workflowdefinition.json#","contentVersion":"1.0.0.0","parameters":{"$authentication":{"defaultValue":{},"type":"SecureObject"}},"triggers":{"manual":{"type":"Request","kind":"PowerApp","inputs":{"schema":{"type":"object","properties":{"CheckFFDCToken_ObjectName":{"type":"any","description":"Choose a value","x-ms-powerflows-param-ispartial":false},"InitializeCustomerProfileDetails_Value":{"type":"string","description":"Enter initial value","x-ms-powerflows-param-ispartial":false},"InitializeSavingsAccountDetails_Value":{"type":"string","description":"Enter initial value","x-ms-powerflows-param-ispartial":false},"InitializeLoanAccountDetails_Value":{"type":"string","description":"Enter initial value","x-ms-powerflows-param-ispartial":false}},"required":["CheckFFDCToken_ObjectName","InitializeCustomerProfileDetails_Value","InitializeSavingsAccountDetails_Value","InitializeLoanAccountDetails_Value"]}}}},"actions":{"Check_FFDC_Token":{"actions":{"FFDC_Authentication":{"runAfter":{},"type":"Http","inputs":{"method":"POST","uri":"https://api.preprod.fusionfabric.cloud/login/v1/sandbox/oidc/token","headers":{"Content-Type":"application/x-www-form-urlencoded"},"body":"grant_type=client_credentials&client_id=e8fe65bb-c6a8-41f3-a157-a80607b6ff7d&client_secret=05763fe2-1cbe-461d-b241-60fc923742c9"}},"Parse_JSON":{"runAfter":{"FFDC_Authentication":["Succeeded"]},"type":"ParseJson","inputs":{"content":"@body('FFDC_Authentication')","schema":{"type":"object","properties":{"access_token":{"type":"string"},"expires_in":{"type":"integer"},"refresh_token":{"type":"string"},"refresh_expires_in":{"type":"integer"},"scope":{"type":"string"},"token_type":{"type":"string"},"id_token":{}}}}},"Set_New_Authorization_Token":{"runAfter":{"Parse_JSON":["Succeeded"]},"type":"SetVariable","inputs":{"name":"Authorization Token","value":"Bearer @{body('Parse_JSON')?['access_token']}"}}},"runAfter":{"Initialize_Authorization_Token":["Succeeded"]},"else":{"actions":{"Pass_Authorization_Token":{"runAfter":{},"type":"SetVariable","inputs":{"name":"Authorization Token","value":"Bearer "}}}},"expression":{"equals":["@triggerBody()['CheckFFDCToken_ObjectName']","@'NA'"]},"type":"If"},"Initialize_Authorization_Token":{"runAfter":{},"type":"InitializeVariable","inputs":{"variables":[{"name":"Authorization Token","type":"string"}]}},"Initialize_Customer_Profile_Details":{"runAfter":{"Check_FFDC_Token":["Succeeded"]},"type":"InitializeVariable","inputs":{"variables":[{"name":"CustomerProfileDetails","type":"string","value":"@{triggerBody()['InitializeCustomerProfileDetails_Value']}"}]}},"Initialize_Savings_Account_Details":{"runAfter":{"Initialize_Customer_Profile_Details":["Succeeded"]},"type":"InitializeVariable","inputs":{"variables":[{"name":"CustomerSavingsAccountDetails","type":"string","value":"@{triggerBody()['InitializeSavingsAccountDetails_Value']}"}]}},"Initialize_Loan_Account_Details":{"runAfter":{"Initialize_Savings_Account_Details":["Succeeded"]},"type":"InitializeVariable","inputs":{"variables":[{"name":"CustomerLoanAccountDetails","type":"string","value":"@{triggerBody()['InitializeLoanAccountDetails_Value']}"}]}},"Custom_Credit_Score_REST_API":{"runAfter":{"Initialize_Loan_Account_Details":["Succeeded"]},"type":"Http","inputs":{"method":"POST","uri":"https://api.random.org/json-rpc/2/invoke","headers":{"Content-Type":"application/json","Authorization":"@variables('Authorization Token')"},"body":{"jsonrpc":"2.0","method":"generateIntegers","params":{"apiKey":"2b235ecd-496f-4674-8f8c-a5b8584284cb","n":1,"min":63,"max":92,"replacement":true},"id":999}}},"Response_-_Credit_Score":{"runAfter":{"Parse_Response_JSON":["Succeeded"]},"type":"Response","kind":"Http","inputs":{"statusCode":200,"body":{"creditScore":"@body('Parse_Response_JSON')?['result']?['random']?['data'][0]"},"schema":{"type":"object","properties":{"creditScore":{"type":"integer"}}}}},"Parse_Response_JSON":{"runAfter":{"Custom_Credit_Score_REST_API":["Succeeded"]},"type":"ParseJson","inputs":{"content":"@body('Custom_Credit_Score_REST_API')","schema":{"type":"object","properties":{"jsonrpc":{"type":"string"},"result":{"type":"object","properties":{"random":{"type":"object","properties":{"data":{"type":"array","items":{"type":"integer"}},"completionTime":{"type":"string"}}},"bitsUsed":{"type":"integer"},"bitsLeft":{"type":"integer"},"requestsLeft":{"type":"integer"},"advisoryDelay":{"type":"integer"}}},"id":{"type":"integer"}}}}}}},"connectionReferences":{},"flowFailureAlertSubscribed":false}}